{
  "next-env.d.ts": 1749997130.520051,
  "next.config.ts": 1775494140.8915167,
  "src/app/robots.ts": 1775294521.2512267,
  "src/app/sitemap.ts": 1775294521.2553375,
  "src/app/layout.tsx": 1775583484.779983,
  "src/app/page.tsx": 1775294521.2299652,
  "src/app/not-found.tsx": 1774202048.141593,
  "src/app/projects/page.tsx": 1775294521.2299714,
  "src/app/projects/[slug]/page.tsx": 1775294521.2311058,
  "src/app/about/page.tsx": 1775494140.9019082,
  "src/app/cv/page.tsx": 1775494140.8929105,
  "src/features/home/components/hero-avatar.tsx": 1775905386.020098,
  "src/features/projects/data/projects.ts": 1774202048.1414585,
  "src/features/utils/index.ts": 1774202048.1414511,
  "src/features/common/components/nav-bar.tsx": 1775294521.2296216,
  "src/features/common/components/project-card.tsx": 1775294521.2299554,
  "src/features/common/components/footer.tsx": 1775294521.229949,
  "src/features/common/components/reveal.tsx": 1774202048.1414855,
  "src/features/common/data/site.ts": 1775494140.8930545,
  "src/features/common/data/skills.ts": 1774202048.1414711,
  "README.md": 1775904116.0872679,
  "CLAUDE.md": 1775919275.1342797,
  "graphify-out/audit.md": 1775908801.2059314,
  "public/diego-schacht-cv.pdf": 1774202826.952554,
  "public/Diego_Schacht.jpg": 1750000013.6901357,
  "public/file.svg": 1749920421.0109391,
  "public/vercel.svg": 1749920421.0118852,
  "public/next.svg": 1749920421.0112298,
  "public/globe.svg": 1749920421.0068953,
  "public/window.svg": 1749920421.0116096
}